{
  "gpu_count": 1,
  "device_hbm": 113047834413.63763,
  "device_flops": 27182825900344.395,
  "pcie_bw": 10180147732.343414,
  "p2p_bw": 0
}